{
    "averge_document_length": {
        "stars": 2.8788810328927146,
        "genres": 2.9864740239778667,
        "summaries": 105.52577209797657
    },
    "document_count": 3253
}