{
    "averge_document_length": {
        "stars": 2.7567567567567566,
        "genres": 2.6016016016016015,
        "summaries": 89.57211394302848
    },
    "document_count": 999
}